3,Donald,Freeman,dfreeman2@nymag.com,Male,229.23.208.172
4,Jeremy,Miller,jmiller3@tinyurl.com,Male,241.37.105.206
8,Steven,Rice,srice7@dailymotion.com,Male,28.14.116.15
11,Chris,Montgomery,cmontgomerya@go.com,Male,229.158.86.143
13,Frank,Gonzalez,fgonzalezc@devhub.com,Male,216.219.228.112
16,Randy,Lawrence,rlawrencef@parallels.com,Male,19.14.249.205
17,Phillip,Watkins,pwatkinsg@huffingtonpost.com,Male,64.88.150.154
18,Joseph,White,jwhiteh@yandex.ru,Male,162.72.150.75
20,Thomas,Baker,tbakerj@google.cn,Male,127.241.83.161
23,Willie,Vasquez,wvasquezm@photobucket.com,Male,152.83.244.41
24,Louis,Black,lblackn@ebay.com,Male,71.131.202.53
25,David,Jenkins,djenkinso@economist.com,Male,80.252.11.178
28,Brandon,Rose,broser@prweb.com,Male,13.243.117.190
29,George,Knight,gknights@sciencedirect.com,Male,13.40.93.59
34,Matthew,Vasquez,mvasquezx@squidoo.com,Male,239.85.199.39
36,Dennis,Washington,dwashingtonz@devhub.com,Male,208.141.32.30
37,Matthew,Stone,mstone10@mediafire.com,Male,185.5.138.240
42,Steve,Nichols,snichols15@wikia.com,Male,98.36.176.72
44,Raymond,Williamson,rwilliamson17@posterous.com,Male,168.160.70.3
46,Ernest,Hamilton,ehamilton19@mozilla.com,Male,198.220.142.40
49,Chris,West,cwest1c@yelp.com,Male,239.73.113.166
51,Patrick,Bell,pbell1e@merriam-webster.com,Male,208.58.9.173
52,Fred,Fuller,ffuller1f@meetup.com,Male,9.211.184.83
61,Kevin,Wood,kwood1o@google.nl,Male,81.171.204.55
63,Robert,Allen,rallen1q@diigo.com,Male,98.67.105.105
64,Michael,Hawkins,mhawkins1r@zimbio.com,Male,214.43.121.49
65,Frank,Walker,fwalker1s@feedburner.com,Male,250.169.122.111
66,Todd,Lawson,tlawson1t@noaa.gov,Male,238.94.68.1
67,Donald,Richardson,drichardson1u@bluehost.com,Male,76.222.102.154
71,Lawrence,Franklin,lfranklin1y@aol.com,Male,234.167.67.33
72,Matthew,Graham,mgraham1z@g.co,Male,59.34.201.187
73,Edward,Robinson,erobinson20@google.co.jp,Male,164.55.58.201
75,Johnny,Austin,jaustin22@live.com,Male,136.15.173.146
77,Aaron,West,awest24@nbcnews.com,Male,125.123.24.22
78,Stephen,Medina,smedina25@ucsd.edu,Male,78.108.36.245
79,Keith,King,kking26@instagram.com,Male,87.67.80.249
80,Victor,Chapman,vchapman27@webs.com,Male,70.30.96.110
81,Jesse,Perkins,jperkins28@squidoo.com,Male,139.27.195.6
82,Paul,Peters,ppeters29@indiegogo.com,Male,8.213.164.190
84,Joe,Kelly,jkelly2b@youtube.com,Male,71.208.63.27
85,Samuel,Foster,sfoster2c@wired.com,Male,239.207.56.249
86,Anthony,Gomez,agomez2d@seattletimes.com,Male,232.122.8.229
87,Carl,Porter,cporter2e@wp.com,Male,232.132.5.126
90,Roger,Murphy,rmurphy2h@vk.com,Male,107.215.47.156
91,Patrick,Nguyen,pnguyen2i@sohu.com,Male,86.154.252.73
93,Terry,Spencer,tspencer2k@goo.ne.jp,Male,139.55.38.159
94,Christopher,Gray,cgray2l@cbc.ca,Male,37.107.30.139
95,Eric,Reyes,ereyes2m@slashdot.org,Male,144.198.69.218
96,Jack,Henderson,jhenderson2n@yellowbook.com,Male,238.103.224.140
97,Stephen,Miller,smiller2o@dedecms.com,Male,244.244.24.100
103,Jason,Hernandez,jhernandez2u@time.com,Male,9.193.29.143
105,Juan,Mccoy,jmccoy2w@mediafire.com,Male,142.95.40.195
106,Paul,Cole,pcole2x@amazon.com,Male,130.220.96.128
107,Dennis,Robinson,drobinson2y@archive.org,Male,139.32.151.92
109,Brian,Welch,bwelch30@google.cn,Male,101.120.16.30
112,Adam,Moreno,amoreno33@tripadvisor.com,Male,102.44.195.9
114,Christopher,Young,cyoung35@uol.com.br,Male,8.16.64.117
115,Billy,Reynolds,breynolds36@merriam-webster.com,Male,95.160.3.200
117,Carl,Perez,cperez38@addtoany.com,Male,170.54.198.57
118,Raymond,Greene,rgreene39@illinois.edu,Male,108.107.83.63
120,Gerald,Powell,gpowell3b@fema.gov,Male,237.229.154.113
123,Sean,Barnes,sbarnes3e@marketwatch.com,Male,36.57.231.249
124,Billy,Duncan,bduncan3f@taobao.com,Male,90.130.123.220
125,James,Edwards,jedwards3g@reverbnation.com,Male,27.242.147.158
127,Billy,Graham,bgraham3i@facebook.com,Male,9.128.5.164
128,Charles,Holmes,cholmes3j@engadget.com,Male,91.21.222.231
129,Ronald,Wells,rwells3k@china.com.cn,Male,224.2.143.191
131,Walter,Tucker,wtucker3m@comcast.net,Male,0.83.172.226
134,Alan,Fisher,afisher3p@webs.com,Male,59.160.33.230
136,Donald,Kennedy,dkennedy3r@uol.com.br,Male,170.12.125.142
137,Ronald,Stewart,rstewart3s@biglobe.ne.jp,Male,218.109.6.192
142,Gregory,Taylor,gtaylor3x@nifty.com,Male,20.167.62.30
143,Jack,Jackson,jjackson3y@php.net,Male,146.92.178.59
145,Scott,Johnson,sjohnson40@sun.com,Male,87.64.85.180
149,Robert,Little,rlittle44@cnbc.com,Male,205.157.6.73
152,Alan,Murray,amurray47@t.co,Male,11.49.4.76
157,Harry,Romero,hromero4c@abc.net.au,Male,209.120.190.4
158,John,Mccoy,jmccoy4d@studiopress.com,Male,230.9.133.170
161,Eugene,Patterson,epatterson4g@narod.ru,Male,181.125.113.14
162,Alan,Perkins,aperkins4h@nps.gov,Male,42.24.194.232
166,Patrick,Franklin,pfranklin4l@discovery.com,Male,41.55.130.197
168,Robert,Lee,rlee4n@cornell.edu,Male,43.35.130.231
169,Mark,Dixon,mdixon4o@jigsy.com,Male,210.87.81.111
170,Nicholas,James,njames4p@bizjournals.com,Male,94.28.119.221
176,Albert,Freeman,afreeman4v@instagram.com,Male,126.251.234.229
180,Johnny,Morrison,jmorrison4z@mlb.com,Male,143.188.183.27
182,Raymond,Reyes,rreyes51@opensource.org,Male,11.213.14.110
183,Joshua,Alexander,jalexander52@princeton.edu,Male,169.5.96.179
184,Edward,Edwards,eedwards53@jalbum.net,Male,174.33.239.169
190,John,Jordan,jjordan59@drupal.org,Male,193.211.27.151
193,Lawrence,Collins,lcollins5c@ihg.com,Male,187.174.150.45
194,Frank,Perkins,fperkins5d@weebly.com,Male,246.47.196.42
196,Phillip,Price,pprice5f@twitter.com,Male,149.109.93.50
197,Anthony,Thompson,athompson5g@adobe.com,Male,67.200.225.227
202,Lawrence,Sanchez,lsanchez5l@seattletimes.com,Male,54.79.86.15
203,Terry,Dean,tdean5m@qq.com,Male,115.48.139.221
204,Henry,Morris,hmorris5n@tripadvisor.com,Male,63.27.87.136
207,Carlos,Sanchez,csanchez5q@histats.com,Male,154.115.27.52
208,Craig,Morales,cmorales5r@cornell.edu,Male,8.25.165.196
211,Charles,Andrews,candrews5u@princeton.edu,Male,4.78.19.180
212,Martin,Fernandez,mfernandez5v@delicious.com,Male,215.50.162.97
215,John,Jones,jjones5y@addtoany.com,Male,104.160.85.245
218,Joshua,Butler,jbutler61@miibeian.gov.cn,Male,44.246.39.44
222,Mark,Anderson,manderson65@clickbank.net,Male,135.202.172.163
223,Howard,Freeman,hfreeman66@smh.com.au,Male,191.92.228.60
224,Brandon,Bradley,bbradley67@oaic.gov.au,Male,193.177.75.185
225,Todd,Tucker,ttucker68@usa.gov,Male,39.1.117.241
228,Louis,Parker,lparker6b@ibm.com,Male,146.10.73.21
229,Eric,Brooks,ebrooks6c@cisco.com,Male,34.70.44.99
230,Robert,Walker,rwalker6d@istockphoto.com,Male,173.105.146.139
231,Lawrence,Hansen,lhansen6e@army.mil,Male,74.77.114.251
233,Alan,Henderson,ahenderson6g@cdbaby.com,Male,147.127.228.13
234,Shawn,Thomas,sthomas6h@google.ru,Male,84.243.190.8
236,Joshua,Ortiz,jortiz6j@wikia.com,Male,39.132.30.163
237,Juan,Webb,jwebb6k@tmall.com,Male,139.216.143.188
238,Harold,Morris,hmorris6l@techcrunch.com,Male,75.237.230.149
239,William,Lewis,wlewis6m@mysql.com,Male,187.84.116.133
240,Victor,Walker,vwalker6n@twitter.com,Male,89.9.54.3
245,Martin,Fowler,mfowler6s@uiuc.edu,Male,227.77.135.119
249,Craig,Sims,csims6w@digg.com,Male,91.57.34.83
251,Joshua,Evans,jevans6y@google.com.au,Male,163.75.7.148
253,Keith,Morrison,kmorrison70@ocn.ne.jp,Male,175.132.162.37
255,Terry,Woods,twoods72@phoca.cz,Male,93.141.183.243
257,Roy,Murphy,rmurphy74@edublogs.org,Male,118.68.241.70
258,Christopher,Baker,cbaker75@studiopress.com,Male,246.103.57.86
259,Ralph,Morrison,rmorrison76@list-manage.com,Male,34.41.158.56
262,Howard,Medina,hmedina79@businessinsider.com,Male,17.171.141.191
263,Bruce,Mason,bmason7a@nationalgeographic.com,Male,251.39.59.77
264,Jesse,Cole,jcole7b@ftc.gov,Male,154.203.178.240
265,Richard,Barnes,rbarnes7c@fda.gov,Male,152.90.235.151
266,Richard,Bishop,rbishop7d@latimes.com,Male,148.147.46.199
267,Eric,Banks,ebanks7e@dailymotion.com,Male,185.220.251.133
270,Donald,Schmidt,dschmidt7h@pinterest.com,Male,240.238.150.196
271,Joseph,Clark,jclark7i@un.org,Male,166.249.52.63
272,Ronald,Murphy,rmurphy7j@macromedia.com,Male,223.210.245.79
274,James,Stevens,jstevens7l@behance.net,Male,193.67.20.139
276,Jose,Meyer,jmeyer7n@hexun.com,Male,49.127.132.249
277,Steve,Phillips,sphillips7o@spiegel.de,Male,159.54.124.226
279,Thomas,Gomez,tgomez7q@blogs.com,Male,129.178.95.43
280,Steve,Porter,sporter7r@unesco.org,Male,6.173.213.46
282,Kenneth,Gilbert,kgilbert7t@blog.com,Male,155.71.66.255
283,Earl,White,ewhite7u@networkadvertising.org,Male,251.151.115.225
288,Albert,Davis,adavis7z@free.fr,Male,226.251.144.226
289,Andrew,Carter,acarter80@artisteer.com,Male,187.66.182.6
290,John,Lopez,jlopez81@ehow.com,Male,29.251.77.102
296,Ryan,Alvarez,ralvarez87@liveinternet.ru,Male,154.75.74.37
298,Jesse,Fisher,jfisher89@mozilla.org,Male,55.82.156.142
300,Mark,Jenkins,mjenkins8b@feedburner.com,Male,172.90.22.143
301,Dennis,Baker,dbaker8c@cisco.com,Male,239.115.243.239
302,Christopher,Moreno,cmoreno8d@opensource.org,Male,27.64.206.57
304,Thomas,Weaver,tweaver8f@blinklist.com,Male,72.119.206.64
308,Gary,Myers,gmyers8j@addthis.com,Male,19.139.206.225
311,Ryan,Elliott,relliott8m@unc.edu,Male,6.41.171.90
312,Ryan,Wallace,rwallace8n@angelfire.com,Male,43.45.136.4
313,Jonathan,Greene,jgreene8o@blogtalkradio.com,Male,123.245.53.165
314,Jeremy,Shaw,jshaw8p@quantcast.com,Male,246.130.232.23
315,James,Fuller,jfuller8q@nba.com,Male,28.107.104.83
316,Timothy,Murray,tmurray8r@digg.com,Male,55.213.100.183
317,Christopher,Evans,cevans8s@comcast.net,Male,251.123.182.160
318,Charles,Bradley,cbradley8t@cisco.com,Male,142.43.193.45
320,Kenneth,Murray,kmurray8v@mozilla.com,Male,177.193.153.178
322,Daniel,Ruiz,druiz8x@youku.com,Male,247.233.60.5
323,Patrick,Phillips,pphillips8y@comcast.net,Male,124.54.176.255
324,Joe,Rivera,jrivera8z@icio.us,Male,146.211.118.181
325,Harry,Perry,hperry90@japanpost.jp,Male,15.166.79.222
327,Willie,Porter,wporter92@nyu.edu,Male,193.149.37.36
328,William,Powell,wpowell93@mit.edu,Male,132.247.35.215
329,Christopher,Perez,cperez94@uol.com.br,Male,167.90.17.99
330,Jonathan,Kim,jkim95@woothemes.com,Male,15.108.78.27
331,Raymond,James,rjames96@jigsy.com,Male,137.21.41.70
333,Victor,Romero,vromero98@tamu.edu,Male,179.75.131.107
334,Joe,Wheeler,jwheeler99@fc2.com,Male,31.136.213.153
338,Terry,Garza,tgarza9d@globo.com,Male,243.242.166.105
341,Richard,Jenkins,rjenkins9g@ibm.com,Male,202.102.135.196
344,Thomas,Collins,tcollins9j@ow.ly,Male,104.20.79.25
345,Jason,Lynch,jlynch9k@economist.com,Male,66.88.146.30
349,Louis,Parker,lparker9o@wordpress.com,Male,244.86.219.204
351,Anthony,Stephens,astephens9q@sciencedirect.com,Male,2.55.208.214
356,Billy,Burton,bburton9v@blogger.com,Male,187.110.67.64
357,Steve,Freeman,sfreeman9w@nymag.com,Male,25.100.65.84
363,Eric,Gardner,egardnera2@seesaa.net,Male,22.249.169.79
364,Peter,Matthews,pmatthewsa3@fc2.com,Male,65.18.246.106
366,Ralph,Burns,rburnsa5@senate.gov,Male,237.209.50.223
367,Johnny,Hansen,jhansena6@google.es,Male,14.85.243.117
370,Scott,Perkins,sperkinsa9@exblog.jp,Male,176.54.89.240
371,Wayne,Welch,wwelchaa@blogspot.com,Male,235.38.13.193
372,Eric,Rose,eroseab@irs.gov,Male,224.33.178.174
373,Michael,Ellis,mellisac@ucla.edu,Male,134.33.77.73
374,Gregory,Howard,ghowardad@github.io,Male,197.227.176.69
376,Joe,Richards,jrichardsaf@dailymail.co.uk,Male,239.228.80.87
377,Earl,Black,eblackag@godaddy.com,Male,56.212.147.165
379,William,Edwards,wedwardsai@jiathis.com,Male,82.190.135.238
384,William,Lopez,wlopezan@un.org,Male,224.73.167.54
387,Alan,Gutierrez,agutierrezaq@alexa.com,Male,212.73.17.87
388,Michael,Jones,mjonesar@gravatar.com,Male,132.24.89.152
389,Samuel,Chapman,schapmanas@mozilla.com,Male,233.208.85.226
390,Juan,Myers,jmyersat@theguardian.com,Male,128.79.6.23
392,Ryan,Gibson,rgibsonav@list-manage.com,Male,0.227.204.116
395,Chris,Allen,callenay@accuweather.com,Male,164.24.45.47
402,Jonathan,Hughes,jhughesb5@wordpress.org,Male,80.77.108.80
403,Arthur,Hernandez,ahernandezb6@princeton.edu,Male,24.125.191.177
404,Richard,Taylor,rtaylorb7@apple.com,Male,211.245.196.248
406,Stephen,Cox,scoxb9@nasa.gov,Male,65.74.217.135
407,Raymond,Parker,rparkerba@wiley.com,Male,243.95.7.196
410,Ernest,Dunn,edunnbd@merriam-webster.com,Male,213.138.254.4
411,Matthew,Holmes,mholmesbe@usnews.com,Male,115.172.153.223
415,Earl,Greene,egreenebi@toplist.cz,Male,3.215.247.2
416,Harold,Franklin,hfranklinbj@oracle.com,Male,98.13.237.238
417,Samuel,Alexander,salexanderbk@merriam-webster.com,Male,124.51.67.134
418,Arthur,Harvey,aharveybl@ifeng.com,Male,69.219.145.155
419,Louis,Porter,lporterbm@umich.edu,Male,153.141.149.115
420,Juan,Evans,jevansbn@zdnet.com,Male,223.182.252.186
424,Jimmy,Rose,jrosebr@linkedin.com,Male,139.42.235.0
425,Nicholas,Medina,nmedinabs@issuu.com,Male,209.216.141.78
426,Roger,Hughes,rhughesbt@sogou.com,Male,114.141.169.199
427,Ryan,Morales,rmoralesbu@ning.com,Male,99.144.115.85
429,Jeffrey,Lewis,jlewisbw@soundcloud.com,Male,183.226.56.249
432,Jesse,Carr,jcarrbz@acquirethisname.com,Male,105.243.117.62
433,Gerald,Hansen,ghansenc0@unc.edu,Male,21.239.123.159
437,Jack,Gardner,jgardnerc4@exblog.jp,Male,254.102.248.70
438,Jerry,Lane,jlanec5@goo.ne.jp,Male,223.5.40.12
440,Randy,Henderson,rhendersonc7@forbes.com,Male,14.214.201.74
441,Jimmy,Boyd,jboydc8@youtube.com,Male,181.247.234.79
443,Eric,Elliott,eelliottca@nationalgeographic.com,Male,31.80.229.50
447,Louis,Payne,lpaynece@usgs.gov,Male,155.28.12.97
448,Harry,Freeman,hfreemancf@cnbc.com,Male,163.119.112.8
449,Walter,Simpson,wsimpsoncg@wikispaces.com,Male,37.226.38.231
450,Jeffrey,Patterson,jpattersonch@icio.us,Male,42.38.107.246
452,Todd,Tucker,ttuckercj@newyorker.com,Male,230.220.214.53
454,Samuel,Medina,smedinacl@free.fr,Male,94.1.147.186
456,Kenneth,George,kgeorgecn@theguardian.com,Male,10.244.100.20
458,Eric,Young,eyoungcp@msu.edu,Male,46.241.169.31
460,Antonio,Hill,ahillcr@guardian.co.uk,Male,111.211.216.135
462,Scott,Owens,sowensct@wp.com,Male,238.15.2.93
464,Charles,Davis,cdaviscv@addthis.com,Male,142.253.252.17
465,Robert,Hernandez,rhernandezcw@va.gov,Male,214.247.200.161
468,James,Peterson,jpetersoncz@weather.com,Male,195.149.154.18
470,Todd,Scott,tscottd1@flavors.me,Male,169.21.57.177
473,Dennis,Lawson,dlawsond4@quantcast.com,Male,122.208.97.184
474,Billy,Johnson,bjohnsond5@nationalgeographic.com,Male,121.168.115.62
476,Joshua,Moreno,jmorenod7@nsw.gov.au,Male,198.144.41.53
477,Eugene,Hanson,ehansond8@edublogs.org,Male,222.150.31.160
478,Benjamin,Anderson,bandersond9@fda.gov,Male,10.109.32.99
482,Nicholas,Ruiz,nruizdd@tripadvisor.com,Male,35.172.54.49
485,William,Little,wlittledg@sitemeter.com,Male,66.49.33.29
486,Timothy,Warren,twarrendh@washington.edu,Male,143.112.138.233
491,Jesse,Perez,jperezdm@noaa.gov,Male,80.241.59.247
495,Brian,Lane,blanedq@youku.com,Male,42.80.212.63
497,Ryan,Arnold,rarnoldds@lycos.com,Male,41.62.20.195
498,Johnny,Burns,jburnsdt@php.net,Male,194.17.70.120
500,Charles,Hanson,chansondv@wix.com,Male,164.112.184.159
502,Randy,Simmons,rsimmonsdx@webs.com,Male,19.140.86.10
503,Aaron,Patterson,apattersondy@ycombinator.com,Male,5.127.38.41
508,Louis,Carroll,lcarrolle3@ning.com,Male,159.29.77.105
511,Edward,Howard,ehowarde6@omniture.com,Male,243.4.236.98
515,Stephen,Howard,showardea@wp.com,Male,30.105.125.20
517,Phillip,Kennedy,pkennedyec@cam.ac.uk,Male,160.15.17.130
519,Ernest,Richards,erichardsee@shutterfly.com,Male,169.148.60.17
522,Jonathan,King,jkingeh@wikispaces.com,Male,100.74.183.236
523,Bruce,Gibson,bgibsonei@symantec.com,Male,83.177.249.182
524,Juan,Fuller,jfullerej@sourceforge.net,Male,149.81.186.158
527,Walter,Bailey,wbaileyem@reference.com,Male,16.24.222.111
529,Mark,Carroll,mcarrolleo@tumblr.com,Male,87.52.179.77
531,Russell,Medina,rmedinaeq@clickbank.net,Male,164.133.217.118
533,Stephen,Thompson,sthompsones@histats.com,Male,247.0.14.107
538,Edward,Rivera,eriveraex@yahoo.co.jp,Male,149.31.166.185
540,Jack,Hudson,jhudsonez@imgur.com,Male,57.201.149.214
541,Ronald,Bowman,rbowmanf0@fastcompany.com,Male,168.63.117.25
548,Jimmy,Matthews,jmatthewsf7@craigslist.org,Male,41.106.227.78
552,Jack,Hamilton,jhamiltonfb@wunderground.com,Male,234.165.61.215
561,Arthur,Stephens,astephensfk@is.gd,Male,148.76.124.41
564,Johnny,Boyd,jboydfn@shutterfly.com,Male,104.85.106.154
566,Robert,Crawford,rcrawfordfp@mozilla.org,Male,184.78.43.106
569,Anthony,Howell,ahowellfs@alibaba.com,Male,192.255.49.83
572,Howard,Fowler,hfowlerfv@sphinn.com,Male,183.156.64.143
575,Anthony,Owens,aowensfy@163.com,Male,143.176.126.76
577,Timothy,Lynch,tlynchg0@miibeian.gov.cn,Male,181.48.133.86
578,Joseph,Graham,jgrahamg1@blog.com,Male,3.137.131.179
579,Jason,Gonzales,jgonzalesg2@google.de,Male,148.25.159.138
583,Harold,Wright,hwrightg6@dailymail.co.uk,Male,217.186.90.6
584,Frank,Schmidt,fschmidtg7@deliciousdays.com,Male,49.241.237.131
585,Jose,Jones,jjonesg8@bbc.co.uk,Male,145.87.73.254
586,Fred,Graham,fgrahamg9@merriam-webster.com,Male,18.151.19.137
589,Walter,Dunn,wdunngc@seattletimes.com,Male,103.1.120.253
590,Martin,Morgan,mmorgangd@arizona.edu,Male,14.177.117.75
591,Kevin,Stevens,kstevensge@odnoklassniki.ru,Male,194.85.47.166
592,Matthew,Smith,msmithgf@dropbox.com,Male,170.143.249.130
595,Gerald,Ford,gfordgi@photobucket.com,Male,191.191.154.246
597,Billy,Martin,bmartingk@gravatar.com,Male,66.79.70.211
598,Thomas,Myers,tmyersgl@ezinearticles.com,Male,145.27.89.220
600,James,Kelly,jkellygn@umn.edu,Male,51.125.144.235
604,Shawn,Evans,sevansgr@uiuc.edu,Male,156.190.195.57
605,Roy,Armstrong,rarmstronggs@google.cn,Male,213.207.205.127
610,Jack,Hart,jhartgx@mediafire.com,Male,85.123.225.254
612,Kenneth,Rodriguez,krodriguezgz@addtoany.com,Male,248.255.106.189
613,Ronald,Washington,rwashingtonh0@nifty.com,Male,255.90.211.112
614,Alan,Murphy,amurphyh1@friendfeed.com,Male,136.149.178.57
619,Eric,Price,epriceh6@prlog.org,Male,57.1.143.57
620,Aaron,Stone,astoneh7@go.com,Male,44.17.120.213
622,Henry,Collins,hcollinsh9@chicagotribune.com,Male,136.15.40.157
623,John,Gardner,jgardnerha@buzzfeed.com,Male,59.247.71.3
625,Juan,Smith,jsmithhc@nationalgeographic.com,Male,203.90.67.203
629,Walter,Lee,wleehg@wired.com,Male,247.88.92.239
631,Christopher,Henry,chenryhi@de.vu,Male,238.252.43.125
632,Aaron,Bailey,abaileyhj@yale.edu,Male,184.216.109.175
633,Thomas,Hudson,thudsonhk@tiny.cc,Male,156.95.189.179
634,Richard,Dean,rdeanhl@msu.edu,Male,119.58.50.50
638,Michael,Reyes,mreyeshp@tamu.edu,Male,35.118.190.137
640,Andrew,Miller,amillerhr@springer.com,Male,95.114.251.91
641,Earl,Hughes,ehugheshs@godaddy.com,Male,218.162.124.211
642,Keith,Harper,kharperht@geocities.jp,Male,214.166.92.4
649,Aaron,Johnson,ajohnsoni0@flickr.com,Male,52.211.113.244
651,Steve,Ryan,sryani2@businesswire.com,Male,184.248.6.85
654,Wayne,Wilson,wwilsoni5@squidoo.com,Male,104.92.110.6
655,Justin,Allen,jalleni6@e-recht24.de,Male,114.50.33.56
656,James,Murray,jmurrayi7@spotify.com,Male,218.214.107.50
657,Keith,Burke,kburkei8@slideshare.net,Male,73.173.164.111
658,Richard,Alvarez,ralvarezi9@i2i.jp,Male,130.109.49.191
660,Henry,Garrett,hgarrettib@about.me,Male,110.205.131.68
661,Donald,Gordon,dgordonic@census.gov,Male,216.122.9.140
662,Harry,Ferguson,hfergusonid@wired.com,Male,69.83.30.242
663,Eric,Cole,ecoleie@theguardian.com,Male,162.184.172.137
664,Justin,Bryant,jbryantif@google.com.br,Male,151.49.57.85
665,Alan,Peterson,apetersonig@elpais.com,Male,246.80.47.153
666,Howard,Moreno,hmorenoih@symantec.com,Male,253.155.244.175
668,Gerald,Flores,gfloresij@nsw.gov.au,Male,57.16.19.195
669,Kevin,Crawford,kcrawfordik@gmpg.org,Male,101.1.7.177
670,Bruce,Mills,bmillsil@amazon.co.jp,Male,250.91.156.47
671,John,Schmidt,jschmidtim@ycombinator.com,Male,227.99.180.20
673,Roy,Lewis,rlewisio@g.co,Male,119.39.73.147
677,Joe,Davis,jdavisis@topsy.com,Male,218.79.70.138
678,Ernest,Lee,eleeit@amazon.co.jp,Male,136.4.129.92
680,Gary,Gomez,ggomeziv@seesaa.net,Male,151.33.126.95
681,Jeremy,Fuller,jfulleriw@myspace.com,Male,13.95.188.82
684,Thomas,Campbell,tcampbelliz@pen.io,Male,54.234.231.92
685,Chris,Howard,chowardj0@wikia.com,Male,242.148.37.92
690,Bobby,Thomas,bthomasj5@loc.gov,Male,195.114.184.2
693,William,Meyer,wmeyerj8@e-recht24.de,Male,52.199.183.96
695,Steve,Ford,sfordja@nymag.com,Male,105.8.239.4
696,Henry,Griffin,hgriffinjb@taobao.com,Male,94.29.188.156
698,Roy,Brown,rbrownjd@addtoany.com,Male,78.163.115.250
701,Adam,Banks,abanksjg@ibm.com,Male,206.239.207.53
704,Michael,Perry,mperryjj@unc.edu,Male,235.99.144.216
705,Mark,Mccoy,mmccoyjk@reference.com,Male,29.174.54.211
707,Jimmy,Day,jdayjm@yolasite.com,Male,93.35.52.169
708,Donald,Flores,dfloresjn@fda.gov,Male,103.90.43.234
710,Steven,Lane,slanejp@cbslocal.com,Male,12.127.24.146
711,Ryan,Bennett,rbennettjq@aboutads.info,Male,96.12.117.73
717,Johnny,Green,jgreenjw@xrea.com,Male,121.30.233.202
725,Bruce,Robinson,brobinsonk4@house.gov,Male,223.111.96.79
730,Todd,Hanson,thansonk9@businessinsider.com,Male,18.13.78.161
734,Jesse,Franklin,jfranklinkd@ustream.tv,Male,142.160.24.25
737,Craig,Hunt,chuntkg@w3.org,Male,123.193.198.189
739,Antonio,Rodriguez,arodriguezki@moonfruit.com,Male,97.187.101.51
743,Billy,Wilson,bwilsonkm@ca.gov,Male,128.64.3.207
744,Clarence,Fuller,cfullerkn@sun.com,Male,191.193.51.23
746,Peter,Johnston,pjohnstonkp@arstechnica.com,Male,69.148.154.141
748,Benjamin,Ray,braykr@oakley.com,Male,144.159.116.4
750,James,Davis,jdaviskt@wisc.edu,Male,47.59.112.70
756,Edward,Stevens,estevenskz@ted.com,Male,117.176.172.179
757,Wayne,Davis,wdavisl0@blogger.com,Male,206.124.44.63
758,Shawn,Burke,sburkel1@clickbank.net,Male,188.207.184.208
761,Terry,Brooks,tbrooksl4@fc2.com,Male,198.136.17.170
763,Eric,Garza,egarzal6@reddit.com,Male,87.126.208.131
766,William,Gutierrez,wgutierrezl9@zimbio.com,Male,7.255.107.46
768,Benjamin,Lewis,blewislb@google.pl,Male,175.35.64.208
772,Ronald,Hunter,rhunterlf@fc2.com,Male,1.151.161.175
773,Wayne,Rivera,wriveralg@surveymonkey.com,Male,126.195.62.204
774,Bruce,Morrison,bmorrisonlh@com.com,Male,58.42.187.186
775,William,Chavez,wchavezli@indiatimes.com,Male,59.200.248.161
776,Douglas,Carter,dcarterlj@example.com,Male,112.200.71.73
777,Albert,Mendoza,amendozalk@elpais.com,Male,253.238.16.3
779,Shawn,Sanders,ssanderslm@parallels.com,Male,71.23.26.85
780,Richard,Hughes,rhughesln@deliciousdays.com,Male,148.10.48.48
784,Steve,Murray,smurraylr@desdev.cn,Male,90.143.167.188
788,Kevin,Powell,kpowelllv@blogtalkradio.com,Male,60.84.107.87
791,Victor,Burke,vburkely@com.com,Male,231.250.14.29
792,Roger,Kim,rkimlz@salon.com,Male,30.247.175.149
793,Kevin,Castillo,kcastillom0@vimeo.com,Male,227.246.190.48
794,Billy,Cruz,bcruzm1@sphinn.com,Male,180.80.49.205
795,Robert,Carr,rcarrm2@marriott.com,Male,216.170.37.9
801,Jonathan,Kennedy,jkennedym8@imdb.com,Male,37.218.1.125
802,Jesse,Morgan,jmorganm9@edublogs.org,Male,6.200.76.64
803,Arthur,Morrison,amorrisonma@pen.io,Male,48.73.109.125
804,Douglas,Lawson,dlawsonmb@nature.com,Male,61.83.62.215
806,Jeffrey,Wagner,jwagnermd@lulu.com,Male,129.79.54.47
807,Bobby,Lawson,blawsonme@google.cn,Male,152.35.10.198
810,Robert,Richardson,rrichardsonmh@cdc.gov,Male,254.155.60.229
811,Keith,Chavez,kchavezmi@google.ru,Male,135.217.147.57
812,Clarence,Gibson,cgibsonmj@pinterest.com,Male,126.234.236.29
817,Dennis,Rice,dricemo@businessinsider.com,Male,238.36.251.99
818,Willie,Carr,wcarrmp@livejournal.com,Male,210.97.198.234
819,Paul,Bell,pbellmq@rakuten.co.jp,Male,80.12.13.15
821,Gerald,Gardner,ggardnerms@usa.gov,Male,205.28.197.220
822,Jason,Myers,jmyersmt@naver.com,Male,28.137.40.81
825,Edward,Fernandez,efernandezmw@deviantart.com,Male,189.128.152.92
827,Chris,Cook,ccookmy@ted.com,Male,68.112.64.228
828,Johnny,Fox,jfoxmz@github.io,Male,159.91.119.0
830,Jimmy,Castillo,jcastillon1@ycombinator.com,Male,3.18.22.215
831,Ryan,Hicks,rhicksn2@tamu.edu,Male,47.205.250.14
832,Robert,Scott,rscottn3@indiegogo.com,Male,55.58.82.125
833,John,Ray,jrayn4@mediafire.com,Male,201.39.13.75
838,Brandon,Wells,bwellsn9@pinterest.com,Male,52.167.194.232
843,Steve,Kelley,skelleyne@house.gov,Male,130.9.221.192
846,Andrew,Rose,arosenh@ning.com,Male,212.76.107.19
848,Howard,Burns,hburnsnj@ning.com,Male,247.205.106.34
850,Charles,Long,clongnl@bloomberg.com,Male,114.189.27.201
851,Bruce,Edwards,bedwardsnm@canalblog.com,Male,99.177.42.100
853,Gary,Black,gblackno@ucoz.ru,Male,26.78.140.141
856,Jonathan,Holmes,jholmesnr@creativecommons.org,Male,36.186.66.109
859,Walter,Walker,wwalkernu@reference.com,Male,188.38.132.89
861,Gary,Dean,gdeannw@tuttocitta.it,Male,219.249.61.42
862,Andrew,Hayes,ahayesnx@github.com,Male,232.129.206.51
863,Scott,Howard,showardny@theatlantic.com,Male,224.28.90.26
865,Jerry,Baker,jbakero0@umich.edu,Male,207.130.145.245
866,Antonio,Spencer,aspencero1@slashdot.org,Male,229.51.198.200
868,Craig,Torres,ctorreso3@wordpress.com,Male,195.187.35.75
869,Clarence,Young,cyoungo4@acquirethisname.com,Male,98.74.239.37
870,Ronald,Black,rblacko5@un.org,Male,137.161.152.254
872,Kevin,Brown,kbrowno7@uiuc.edu,Male,240.57.14.253
873,Gary,King,gkingo8@blog.com,Male,151.199.223.240
874,Victor,Ryan,vryano9@stumbleupon.com,Male,73.71.93.28
875,Terry,Stevens,tstevensoa@dagondesign.com,Male,69.180.241.58
877,Joe,Howell,jhowelloc@cbc.ca,Male,194.239.145.247
880,Christopher,Long,clongof@chicagotribune.com,Male,61.151.233.136
881,George,Duncan,gduncanog@seesaa.net,Male,40.242.100.50
884,Gregory,Morgan,gmorganoj@amazon.com,Male,203.6.60.226
885,Kenneth,Russell,krussellok@imdb.com,Male,169.90.112.184
887,Larry,Henry,lhenryom@paginegialle.it,Male,205.127.28.91
890,Anthony,Mitchell,amitchellop@woothemes.com,Male,89.98.80.203
893,Joe,Brown,jbrownos@ocn.ne.jp,Male,207.196.80.108
894,Wayne,Ford,wfordot@pen.io,Male,19.102.78.214
902,Sean,Simpson,ssimpsonp1@nbcnews.com,Male,129.3.227.22
903,Ralph,Peters,rpetersp2@dot.gov,Male,252.59.51.64
906,Walter,Banks,wbanksp5@arstechnica.com,Male,108.14.219.29
908,Sean,Thompson,sthompsonp7@nydailynews.com,Male,80.162.239.153
909,Randy,Turner,rturnerp8@w3.org,Male,62.64.149.235
911,Wayne,Murray,wmurraypa@ucla.edu,Male,89.182.181.58
913,Billy,Reyes,breyespc@uiuc.edu,Male,243.255.162.107
915,Jason,Meyer,jmeyerpe@biblegateway.com,Male,2.202.67.31
920,Kenneth,Flores,kflorespj@dagondesign.com,Male,235.4.103.55
922,Keith,Morales,kmoralespl@umich.edu,Male,98.135.232.31
923,Jeremy,Reyes,jreyespm@marriott.com,Male,29.237.240.2
925,Brandon,Lawson,blawsonpo@vk.com,Male,198.1.19.146
926,Bobby,Reynolds,breynoldspp@unc.edu,Male,121.69.90.51
927,Brian,Butler,bbutlerpq@wikimedia.org,Male,57.193.81.33
928,Alan,Clark,aclarkpr@sbwire.com,Male,84.66.252.197
929,Phillip,Rose,proseps@bravesites.com,Male,188.235.106.55
932,Jeremy,Banks,jbankspv@google.com.hk,Male,45.148.113.107
933,Keith,Mccoy,kmccoypw@oracle.com,Male,220.227.236.187
935,Henry,Williamson,hwilliamsonpy@dmoz.org,Male,110.90.181.80
936,Philip,Morales,pmoralespz@deliciousdays.com,Male,235.248.127.85
937,Jonathan,Chavez,jchavezq0@dot.gov,Male,249.211.237.227
942,Joshua,Dean,jdeanq5@pagesperso-orange.fr,Male,226.169.80.93
943,Stephen,Parker,sparkerq6@pbs.org,Male,10.174.191.79
944,Ronald,Walker,rwalkerq7@infoseek.co.jp,Male,242.227.91.241
945,Patrick,Perez,pperezq8@si.edu,Male,177.122.137.2
947,Jimmy,Hernandez,jhernandezqa@pinterest.com,Male,207.79.235.24
948,Juan,Burke,jburkeqb@naver.com,Male,108.73.61.52
949,Timothy,Peterson,tpetersonqc@slideshare.net,Male,43.172.254.137
953,Brian,Wilson,bwilsonqg@unicef.org,Male,179.147.226.193
955,Carl,Woods,cwoodsqi@cbc.ca,Male,211.134.31.248
956,Frank,Wood,fwoodqj@bloomberg.com,Male,191.97.246.34
958,Jonathan,Tucker,jtuckerql@bbc.co.uk,Male,66.4.19.42
961,Justin,Wheeler,jwheelerqo@nifty.com,Male,67.123.167.108
962,David,Mendoza,dmendozaqp@mit.edu,Male,210.232.44.158
963,Ryan,Stewart,rstewartqq@jigsy.com,Male,32.198.11.148
964,Joseph,Grant,jgrantqr@yahoo.com,Male,240.206.75.98
965,Ralph,Carroll,rcarrollqs@slashdot.org,Male,159.51.5.89
967,Mark,Arnold,marnoldqu@bizjournals.com,Male,151.46.238.107
968,Terry,Matthews,tmatthewsqv@cisco.com,Male,79.177.239.161
970,Richard,Murphy,rmurphyqx@fema.gov,Male,162.13.131.40
971,Daniel,Morris,dmorrisqy@ask.com,Male,47.210.207.123
975,Jeffrey,Watkins,jwatkinsr2@hibu.com,Male,45.16.231.44
976,Roy,Sanders,rsandersr3@usatoday.com,Male,48.221.199.223
979,Chris,Ramirez,cramirezr6@yolasite.com,Male,182.220.112.231
981,Juan,Howell,jhowellr8@arizona.edu,Male,47.60.87.171
982,Stephen,Ross,srossr9@g.co,Male,29.72.149.137
985,Shawn,Ramirez,sramirezrc@studiopress.com,Male,14.208.34.48
987,Kevin,Welch,kwelchre@narod.ru,Male,247.2.190.230
989,Douglas,Harper,dharperrg@php.net,Male,191.70.95.84
994,David,Stevens,dstevensrl@un.org,Male,155.214.130.156
996,Richard,Reed,rreedrn@over-blog.com,Male,110.137.138.253
998,Clarence,Carr,ccarrrp@jimdo.com,Male,20.207.44.136
999,Wayne,Ward,wwardrq@weibo.com,Male,105.66.163.135
