id,first_name,last_name,email,gender,ip_address
1,Louise,Tucker,ltucker0@cam.ac.uk,Female,8.237.104.34
2,Jessica,Alexander,jalexander1@flickr.com,Female,199.43.149.170
3,Donald,Freeman,dfreeman2@nymag.com,Male,229.23.208.172
4,Jeremy,Miller,jmiller3@tinyurl.com,Male,241.37.105.206
5,Maria,Chapman,mchapman4@prweb.com,Female,4.173.159.176
6,Rachel,Rose,rrose5@ed.gov,Female,138.126.130.111
7,Carol,Owens,cowens6@wiley.com,Female,146.24.102.65
8,Steven,Rice,srice7@dailymotion.com,Male,28.14.116.15
9,Janice,Hart,jhart8@mediafire.com,Female,177.138.160.95
10,Judy,Williams,jwilliams9@sfgate.com,Female,216.118.3.230
11,Chris,Montgomery,cmontgomerya@go.com,Male,229.158.86.143
12,Andrea,Gibson,agibsonb@pbs.org,Female,243.57.175.44
13,Frank,Gonzalez,fgonzalezc@devhub.com,Male,216.219.228.112
14,Judith,Marshall,jmarshalld@dailymail.co.uk,Female,174.3.85.80
15,Virginia,Berry,vberrye@ning.com,Female,5.4.226.110
16,Randy,Lawrence,rlawrencef@parallels.com,Male,19.14.249.205
17,Phillip,Watkins,pwatkinsg@huffingtonpost.com,Male,64.88.150.154
18,Joseph,White,jwhiteh@yandex.ru,Male,162.72.150.75
19,Ruby,Burns,rburnsi@sina.com.cn,Female,36.131.194.229
20,Thomas,Baker,tbakerj@google.cn,Male,127.241.83.161
21,Virginia,Garza,vgarzak@cnet.com,Female,168.136.209.221
22,Elizabeth,Peterson,epetersonl@hugedomains.com,Female,53.85.203.157
23,Willie,Vasquez,wvasquezm@photobucket.com,Male,152.83.244.41
24,Louis,Black,lblackn@ebay.com,Male,71.131.202.53
25,David,Jenkins,djenkinso@economist.com,Male,80.252.11.178
26,Teresa,Stewart,tstewartp@xinhuanet.com,Female,160.224.236.142
27,Dorothy,Johnston,djohnstonq@nba.com,Female,98.154.162.115
28,Brandon,Rose,broser@prweb.com,Male,13.243.117.190
29,George,Knight,gknights@sciencedirect.com,Male,13.40.93.59
30,Norma,Brown,nbrownt@harvard.edu,Female,233.237.118.42
31,Emily,Turner,eturneru@blinklist.com,Female,224.172.172.253
32,Mildred,Garcia,mgarciav@howstuffworks.com,Female,226.78.173.146
33,Kathleen,Moreno,kmorenow@hatena.ne.jp,Female,220.9.214.93
34,Matthew,Vasquez,mvasquezx@squidoo.com,Male,239.85.199.39
35,Melissa,Mitchell,mmitchelly@intel.com,Female,170.120.143.120
36,Dennis,Washington,dwashingtonz@devhub.com,Male,208.141.32.30
37,Matthew,Stone,mstone10@mediafire.com,Male,185.5.138.240
38,Annie,Martinez,amartinez11@illinois.edu,Female,64.127.150.196
39,Pamela,Wood,pwood12@facebook.com,Female,153.38.138.239
40,Elizabeth,Cunningham,ecunningham13@gizmodo.com,Female,112.62.68.186
41,Ashley,Brooks,abrooks14@people.com.cn,Female,38.65.140.135
42,Steve,Nichols,snichols15@wikia.com,Male,98.36.176.72
43,Helen,Young,hyoung16@artisteer.com,Female,28.60.150.48
44,Raymond,Williamson,rwilliamson17@posterous.com,Male,168.160.70.3
45,Lillian,Chapman,lchapman18@clickbank.net,Female,202.62.119.156
46,Ernest,Hamilton,ehamilton19@mozilla.com,Male,198.220.142.40
47,Christina,Hansen,chansen1a@ycombinator.com,Female,14.19.208.9
48,Elizabeth,Ferguson,eferguson1b@merriam-webster.com,Female,163.115.174.4
49,Chris,West,cwest1c@yelp.com,Male,239.73.113.166
50,Kathleen,Pierce,kpierce1d@japanpost.jp,Female,245.107.168.103
51,Patrick,Bell,pbell1e@merriam-webster.com,Male,208.58.9.173
52,Fred,Fuller,ffuller1f@meetup.com,Male,9.211.184.83
53,Dorothy,Ward,dward1g@gravatar.com,Female,131.250.111.58
54,Kelly,Gomez,kgomez1h@artisteer.com,Female,156.122.120.133
55,Virginia,Ward,vward1i@biblegateway.com,Female,91.12.198.122
56,Amy,Dean,adean1j@dion.ne.jp,Female,136.229.182.96
57,Emily,Simmons,esimmons1k@dyndns.org,Female,143.59.158.173
58,Ruby,Medina,rmedina1l@wikipedia.org,Female,110.123.133.197
59,Karen,Lynch,klynch1m@epa.gov,Female,52.236.159.90
60,Tammy,Cox,tcox1n@webnode.com,Female,110.231.153.95
61,Kevin,Wood,kwood1o@google.nl,Male,81.171.204.55
62,Carolyn,Gonzalez,cgonzalez1p@baidu.com,Female,27.241.73.67
63,Robert,Allen,rallen1q@diigo.com,Male,98.67.105.105
64,Michael,Hawkins,mhawkins1r@zimbio.com,Male,214.43.121.49
65,Frank,Walker,fwalker1s@feedburner.com,Male,250.169.122.111
66,Todd,Lawson,tlawson1t@noaa.gov,Male,238.94.68.1
67,Donald,Richardson,drichardson1u@bluehost.com,Male,76.222.102.154
68,Stephanie,Morales,smorales1v@bbc.co.uk,Female,219.18.75.109
69,Doris,Thompson,dthompson1w@multiply.com,Female,170.201.22.163
70,Julie,Berry,jberry1x@sciencedirect.com,Female,184.173.135.147
71,Lawrence,Franklin,lfranklin1y@aol.com,Male,234.167.67.33
72,Matthew,Graham,mgraham1z@g.co,Male,59.34.201.187
73,Edward,Robinson,erobinson20@google.co.jp,Male,164.55.58.201
74,Andrea,Peterson,apeterson21@nhs.uk,Female,48.41.182.240
75,Johnny,Austin,jaustin22@live.com,Male,136.15.173.146
76,Jennifer,Rice,jrice23@state.tx.us,Female,187.142.224.235
77,Aaron,West,awest24@nbcnews.com,Male,125.123.24.22
78,Stephen,Medina,smedina25@ucsd.edu,Male,78.108.36.245
79,Keith,King,kking26@instagram.com,Male,87.67.80.249
80,Victor,Chapman,vchapman27@webs.com,Male,70.30.96.110
81,Jesse,Perkins,jperkins28@squidoo.com,Male,139.27.195.6
82,Paul,Peters,ppeters29@indiegogo.com,Male,8.213.164.190
83,Nancy,Scott,nscott2a@tinyurl.com,Female,178.50.195.136
84,Joe,Kelly,jkelly2b@youtube.com,Male,71.208.63.27
85,Samuel,Foster,sfoster2c@wired.com,Male,239.207.56.249
86,Anthony,Gomez,agomez2d@seattletimes.com,Male,232.122.8.229
87,Carl,Porter,cporter2e@wp.com,Male,232.132.5.126
88,Lillian,Garcia,lgarcia2f@cbsnews.com,Female,6.170.157.157
89,Michelle,Burke,mburke2g@comsenz.com,Female,166.251.55.9
90,Roger,Murphy,rmurphy2h@vk.com,Male,107.215.47.156
91,Patrick,Nguyen,pnguyen2i@sohu.com,Male,86.154.252.73
92,Carolyn,Jacobs,cjacobs2j@parallels.com,Female,63.109.6.126
93,Terry,Spencer,tspencer2k@goo.ne.jp,Male,139.55.38.159
94,Christopher,Gray,cgray2l@cbc.ca,Male,37.107.30.139
95,Eric,Reyes,ereyes2m@slashdot.org,Male,144.198.69.218
96,Jack,Henderson,jhenderson2n@yellowbook.com,Male,238.103.224.140
97,Stephen,Miller,smiller2o@dedecms.com,Male,244.244.24.100
98,Shirley,Boyd,sboyd2p@xing.com,Female,86.152.127.254
99,Jessica,Reynolds,jreynolds2q@virginia.edu,Female,216.195.173.106
